,0
0,대패삼겹숙주볶음
1,봄동나물
2,콩나물간장조림
3,닭찜
4,아삭고추무침
5,스프
6,쌀밥
7,수제돈가스
8,수제어묵볶음
9,차돌박이된장찌개
10,문어꽈리고추조림
11,파프리카해초무침
12,바나나
13,참치야채비빔밥
14,브로컬리두부무침
15,갈치감자조림
16,양상추샐러드*오미지D
17,김치국수
18,생크림와플
19,김계란말이
20,푸실리샐러드
21,커피
22,버섯육개장
23,김주먹밥
24,페스츄리
25,크래미해초무침
26,이연복의
27,오징어&브로컬리숙회
28,새우까스*소스
29,버섯국
30,매운콩나물무침
31,사과오이냉국
32,냉이바지락국
33,나쵸칩
34,깐풍연근
35,국물떡볶이
36,오리훈제볶음밥
37,닭죽
38,새송이버섯볶음
39,고추간장지
40,훈제오리떡볶음
41,열무김치국수
42,호박잎찌개
43,시금치프리타타
44,두부스테이크
45,포도
46,볼어묵곤약볶음
47,비엔나피망볶음
48,참치주먹밥
49,모듬소세지버섯구이
50,야채볶음밥*짜장소스
51,콩나물무침
52,도토리묵*장
53,연두부찌개
54,콘스프
55,물냉면
56,돈육볶음
57,순대국밥
58,버블샐러드*D오리엔탈D
59,봄동숙*간장양념
60,키위드레싱샐러드
61,쌈장
62,오이맛살초무침
63,모듬장조림
64,해물동그랑땡
65,삼겹살수육&풋고추
66,레몬유린기
67,*쌈장
68,(New)칠리가지탕수
69,참나물무침
70,유부채소겨자냉채
71,등심찹쌀꿔바로우
72,옹심이국
73,생선까스*칠리소스
74,양상추샐러드*망고드레싱
75,조랭이떡국
76,감자조림
77,카레감자채볶음
78,주꾸미브로콜리숙회
79,야채쫄면
80,사과오이생채
81,분홍소세지구이*케찹
82,비빔메밀국수
83,버섯매운탕
84,당면계란만두
85,냉이콩나물국
86,양념돼지갈비찜
87,굴비구이
88,청경채찜
89,참치야채샐러드
90,수제석박지
91,홍합죽
92,돈육두릅장조림
93,콩나물부추무침
94,스파게티
95,조랭이떡미역국
96,매콤사태찜
97,우엉불고기
98,함박스테이크
99,밤죽
100,삼치엿장구이
101,오이맛살냉채
102,사과푸딩샐러드*요플레D
103,모닝샌드위치
104,맛살계란말이
105,미트볼채소볶음
106,삼겹살오븐구이
107,브로콜리쌈장무침
108,대구지리
109,오복지
110,콩비지찌개
111,비트무생채
112,브로컬리된장무침
113,(New)장수제비
114,취나물된장무침
115,콘치즈
116,부추오이생채
117,구슬떡볶이
118,햄감자볶음
119,자몽에이드
120,애호박전
121,마제소바
122,김치두루치기
123,소보루빵
124,통새우김밥
125,등뼈김치찜
126,보름나물
127,(New)연어스테이크
128,그린요거트샐러드
129,없이)
130,인절미토스트
131,갈릭돈가스
132,파인애플주스
133,양념찜닭
134,부추팽이버섯생채무침
135,프레즐
136,양송이스프
137,치킨무
138,돈간장불고기
139,과일탕수육
140,양송이죽
141,어묵매운탕
142,부추겉절이
143,삼겹보쌈
144,단호박)
145,강된장
146,미역국
147,단호박계란찜
148,유채나물겉절이
149,사과푸딩
150,두반장감자볶음
151,김치우동
152,홍어무침
153,페퍼로니치즈피자
154,치즈함박스테이크
155,콩나물파채불고기
156,동그랑땡부침
157,쑥국
158,한방설렁탕
159,황태채국
160,수제비국
161,매콤미니함박
162,쫄면채소무침
163,갈릭돈까스
164,볶음밥*짜장소스
165,콩나물불고기
166,풋고추*양파
167,열무물국수
168,오징어볶음&소면사리
169,달래무침
170,해쉬포테이토*케찹
171,양배추숙쌈&쌈장
172,돈나물유자청무침
173,소세지구이
174,참치김치찌개
175,진미채간장조림
176,아메리카노
177,쫄면무침
178,김치수제비국
179,감자간장조림
180,갈릭순살치킨
181,분홍소시지전
182,츄러스채소맛탕
183,비타민샐러드
184,(New)팟시금치무쌉
185,쇠고기버섯국
186,새싹두부구이
187,양상추샐러드*요거트D
188,수박화채
189,야채전
190,쭈꾸미숙회무침
191,미소시루
192,매운닭개장
193,나가사끼짬뽕국*라면
194,아귀콩나물찜
195,꼬막미나리초무침
196,쇠고기느타리국
197,어묵잡채볶음
198,야채스틱*쌈장
199,간장깻잎지
200,수제돈가스*소스
201,소고기낙지볶음
202,명란계란말이
203,동전쥐포무침
204,야채고로케
205,장어구이*소스
206,단호박어묵탕수
207,나물비빔밥
208,느타리버섯볶음
209,새우까스&탈탈소스
210,두부까스*칠리소스
211,브로컬리무침
212,치즈계란말이
213,동그랑땡계란부침
214,새우야채죽
215,스크램블에그
216,콩나물굴소스볶음
217,황태콩나물해장국
218,두부고기조림
219,감자고추장찌개
220,흑임자곤약샐러드
221,연두부찜
222,수제오징어튀김
223,맑은만두육개장
224,배추김치
225,옹심이감자국
226,바지락냉이국
227,맑은계란국
228,가지나물무침
229,명엽채무침
230,바지락수제비
231,배추맑은국
232,시래기된장국
233,생선커틀렛
234,사과주스
235,연두부*새싹장
236,숙주미나리무침
237,감자버터구이
238,유부된장국
239,호빵
240,야채쫄면무침
241,양배추숙쌈
242,도토리묵*양념간장
243,칠리탕수육
244,간장찜닭
245,새송이조림
246,목살필라프
247,사각어묵무침
248,(New)바지락비빔밥
249,시금치핫케익
250,감자양파국
251,에그포테이토샌드위치
252,섭산적채소조림
253,새우날치알볶음밥
254,김가루실파무침
255,살라미샌드위치
256,(New)인도커리&난
257,이벤트행사
258,다슬기아욱국
259,미역죽
260,소고기버섯볶음
261,새우까스*와사비소스
262,잡채
263,요거트D
264,신김치도토리묵
265,김밥
266,눈꽃치즈샐러드*오리엔탈D
267,참나물
268,우삼겹부대찌개
269,로제스파게티
270,고추잡채
271,땅콩크림빵
272,*초장
273,콜리샐러드*발사믹D
274,"과일,프로바이오틱"
275,모듬튀김*칠리소스
276,청경채
277,1컷팅해서-고명)
278,단호박카레라이스
279,멘보샤*칠리S
280,메밀국수
281,햄피망볶음
282,두부들깨탕
283,매운쇠고기샤브샤브
284,설렁탕
285,돈육칠리강정
286,우엉곤약조림
287,김자반볶음
288,우거지탕
289,얼갈이생채
290,소떡소떡
291,돈육김치찌개
292,김실파무침
293,양상추샐러드*포도D
294,게살죽
295,녹차카스테라
296,시금치초무침
297,매운어묵무침
298,피바지락국
299,순두부백탕*간장
300,건새우아욱된장국
301,녹두김치전
302,김칫국
303,송편
304,삶은계란
305,치커리유자무침
306,떡만두국
307,옥수수맛살전
308,사과나무주스
309,오징어야채무침
310,베이컨숙주볶음
311,김치국
312,꽈리고추어묵조림
313,파래김*달래양념장
314,등갈비묵은지찜
315,모듬쌈
316,*천도복숭아
317,대구찌개
318,고추장누들떡볶이
319,부추샐러드*오리엔탈
320,꽈리고추찜
321,감자맛살볶음
322,낙지볶음밥
323,모둠버섯초무침
324,유부김칫국
325,카스테라
326,감자치즈오븐구이
327,삼치튀김*데리소스
328,시금치고추장나물
329,*자기계발의날*
330,부대찌개&쫄면사리
331,땅콩조림
332,옛날왕돈가스
333,마약토스트
334,요거트드링킹
335,멸치캐슈넛볶음
336,"이색전(가지,애호박)*양념장"
337,북엇국
338,비엔나감자볶음
339,돈육간장강정
340,사과롤케익
341,콥샐러드
342,과일주스
343,잡곡밥
344,나쵸
345,팽이된장국
346,해물까스*와사비소스
347,양상추샐러드*자몽D
348,깻잎지
349,가지양파나물
350,무말랭이무침
351,콩나물볶음
352,양파링카레튀김
353,브로컬리들깨찜
354,버섯햄볶음
355,해물겨자냉채
356,식혜
357,치킨커틀렛
358,새송이떡갈비구이
359,시리얼샐러드*요거트D
360,오이부추무침
361,삼색샌드위치
362,고추장멸치볶음
363,소보로빵
364,갈비만두
365,비엔나볶음
366,깻잎순볶음
367,녹두빈대떡*장
368,부들어묵볶음
369,오렌지쥬스
370,양상추샐러드*오리엔탈D
371,모듬묵샐러드
372,꽁치한마리구이*와사비장
373,유기농식혜
374,잡채말이어묵국
375,깐쇼새우
376,피자샌드
377,부추팽이무침
378,쥐어채무침
379,유채겉절이
380,고추튀김
381,오리대패불고기
382,마늘치킨
383,(New)캔꽁치튀김
384,찹쌀도너츠
385,쿠키
386,"해초샐러드,사과즙"
387,더덕구이
388,양상추메추리알샐러드
389,마파무조림
390,김가루잔파무침
391,연두부*달래양념장
392,건새우무조림
393,소고기스프
394,미트볼케찹조림
395,느타리버섯국
396,오이소박이
397,와플
398,지리멸치볶음
399,치커리생채
400,꽁치양파조림
401,초계국수
402,굴소스파인볶음밥
403,츄러스
404,(New)허니순살치킨
405,피자빵
406,황태해장국
407,모듬튀김
408,복주머니딤섬*장
409,강된장찌개
410,두부쑥갓무침
411,청량된장찌개
412,얼갈이나물된장무침
413,소시지볶음
414,돈까스김밥
415,부추전
416,삼색묵무침
417,미나리무침
418,생강채*쌈장
419,단호박
420,콩가루배추된장국
421,계란야채말이
422,(New)어떡햄
423,우엉간장조림
424,매콤콩나물국
425,참나물두부무침
426,꽈배기도넛
427,루꼴라샐러드
428,시나몬페스츄리
429,탕평채
430,쇠고기버섯볶음
431,두부*김치볶음
432,치커리만다린샐러드*오렌지D
433,크래미미역줄기볶음
434,스팸계란말이
435,유부주머니된장국
436,보리누룽지탕
437,우무콩국
438,얼큰순두부찌개
439,새우로제파스타
440,베이컨숙주굴소스볶음
441,고구마연근맛탕
442,매운순대국
443,통오이고추무침
444,크림스프
445,메쉬드포테이토
446,크로크무슈
447,계란장조림
448,곤드레밥*간장양념
449,돈육김치볶음
450,닭다리살스테이크
451,무말랭이
452,통감자오븐구이
453,오뗄햄김밥
454,모둠묵샐러드
455,홍합탕
456,오리양념불고기*쌈무
457,남친샌드위치
458,유부우동국물
459,로제파스타
460,미니채소떡갈비
461,미역초무침
462,가래떡츄러스
463,샌드위치
464,마늘쫑장아찌
465,쪽파무침
466,방울양배추베이컨볶음
467,봄동달래무침
468,물만두찜*장
469,맑은꽃게탕
470,해물된장찌개
471,전주비빔밥
472,콩나물파채절이
473,마늘쫑건새우볶음
474,마늘쫑볶음
475,녹두전(김치)
476,방풍나물
477,크림누룽지탕
478,치즈케익
479,맑은장국
480,채소프리타타
481,감자카레볶음
482,오이볶음
483,(New)뿌리채소영양밥&달래양념장
484,새우또띠아
485,<초복특식>
486,쌀국수
487,단감
488,단무지채무침
489,고구마고로케
490,베추겉절이
491,로스트치킨샐러드*오리엔탈D
492,모듬소시지볶음
493,멸치국수
494,옛날돈까스
495,볼어묵볶음
496,오곡밥
497,임연수구이
498,알리오올리오파스타
499,햄야채볶음
500,풋고추양파무침
501,동태탕
502,어묵무침
503,전주식콩나물국해장국
504,마늘종멸치볶음
505,근대나물
506,베이컨김치볶음밥
507,양상추샐러드*시저D
508,새우까스*타르타르
509,연근깨소스무침
510,해물수제비국
511,팥호빵
512,부추만두
513,주꾸미굴소스볶음
514,죽순버섯볶음
515,(New)인절미치킨
516,시금치팬케익
517,오이무초무침
518,청양해물파전
519,투움바스파게티
520,해물까스*타르타르소스
521,매콤볼어묵볶음
522,견과류죽
523,굴소스볶음밥
524,떡갈비조림
525,미역미소시루국
526,봄동겉절이
527,크림새우
528,베이컨샌드
529,해물돼지갈비찜
530,요플레
531,목살스테이크
532,돈가스또띠아
533,버섯들깨찌개
534,소고기퀘사디아
535,브로콜리*초장
536,흑임자시금치샐러드
537,삼계탕
538,채소쌈*쌈장
539,삼겹살구이
540,비엔나간장볶음
541,양배추쌈*젓장
542,무비트생채
543,상추*쌈장
544,양상추샐러드*망고D
545,내사랑포도
546,브리또
547,라볶이
548,버섯매운국
549,바질페스토스파게티
550,봄나물비빔밥
551,사과고구마그라탕
552,새우완자전*케찹
553,칼국수
554,대추채멸치볶음
555,"곰취,명이나물-장아찌"
556,두부동그랑땡
557,황태두부국
558,청양고추계란말이
559,취나물된장볶음
560,녹두빈대떡
561,오이지
562,채소볶음밥
563,불미나리무침
564,열대과일
565,살구복숭아주스
566,해파리무침
567,상추파채무침
568,쫄면야채무침
569,단호박크림스프
570,코다리조림
571,가자미엿장구이
572,양상추샐러드*사우전D
573,오징어무국
574,황태무채국
575,닭봉오븐구이
576,메밀전병*간장
577,오삼불고기
578,햄감자채볶음
579,버섯불고기
580,팬케익
581,오징어어묵무침
582,소시지감자볶음
583,낙지비빔밥
584,단호박범벅
585,모둠버섯볶음
586,부추팽이겉절이
587,추가밥
588,삼색만두채소무침
589,가지양파무침
590,목살김치찌개
591,핫케이크
592,홍합살미역국
593,생선까스*타르소스
594,가지고추장무침
595,김치찌개
596,두반장가지볶음
597,(New)등심찹쌀꿔바로우
598,유부김치국
599,청경채김치
600,수제고로케*케찹
601,마늘쫑건새우무침
602,타워함박스테이크
603,진미채무말랭이무침
604,치커리유자청무침
605,수박
606,버섯탕수
607,소고기샤브국
608,생선가스*칠리소스
609,오프룻요거트
610,양념
611,얼큰낙지죽
612,아귀매운탕
613,양념깻잎찜
614,(New)치킨마요덮밥
615,연복풍덮밥
616,과일플레인샐러드
617,돌나물초장
618,쭈삼불고기
619,취나물쌈장무침
620,삼겹살볶음밥
621,간장돼지갈비찜
622,새송이버섯죽
623,사골옹심이만둣국
624,멸치마늘종조림
625,메추리알짜장떡볶이
626,김구이
627,칠리소스두부브로컬리볶음
628,임연수찜
629,과일샐러드
630,에그타르트
631,수수밥
632,무쌈깻잎
633,씨크립샌드
634,해물손수제비
635,닭오븐구이
636,돼지갈비찜
637,흑미두부죽
638,옛날소시지전*케찹
639,꽁치김치찜
640,얼갈이나물
641,날치알김치볶음밥
642,모듬장조림(소고기)
643,제육볶음
644,곤약흑임자무침
645,햄전&케찹
646,감자양념조림
647,에그갈릭토스트
648,오렌지빵
649,닭살겨자냉채
650,콩나물밥*양념장
651,"고구마치즈빵,오렌지"
652,두부부침
653,새송이버섯장조림
654,(New)명란연근전
655,열무김치볶음
656,조갯살근대국
657,쇠불고기
658,오이생채
659,닭간장볶음
660,얼갈이국
661,케이준치킨샐러드
662,치킨까스*소스
663,돈까스또띠아
664,된장찌개
665,들깨시래기국
666,도라지오이무침
667,양배추*쌈
668,수완왕갈비맛통닭
669,겨울초겉절이
670,(New)할라피뇨멸치주먹밥
671,돈채표고버섯볶음
672,방어양념장구이
673,후리가케덮밥
674,쇠고기육전
675,치킨텐더
676,양배추쌈
677,미트볼피망볶음
678,근대감자국
679,우동국
680,오므라이스
681,보리밥
682,깐풍육
683,생야채
684,그린샐러드*요거트D
685,짜장잡채밥
686,유부장국
687,호박잎된장찌개
688,자기개발의날
689,나박물김치
690,치즈볼
691,삼치구이
692,오이냉국
693,크루통샐러드*딸기D
694,(New)돈갈비김치찌개
695,백종원의사라다빵
696,날＞
697,호떡
698,참나물초장무침
699,목살찹스테이크
700,매콤떡갈비조림
701,미더덕콩나물찜
702,양상추샐러드*바나나드레싱
703,갈치양념조림
704,사과베이비샐러드
705,미니우동
706,고추지
707,단무지양념무침
708,케일숙쌈*양념간장
709,가쓰오장국
710,찰현미밥
711,모둠묵*양념장
712,오이사과무침
713,삼색콜리*초고추장
714,토마토스파게티(작은밥)
715,치커리귤무침
716,오이양배추피클
717,고등어구이*와사비장
718,궁중떡볶음
719,(쌀밥
720,미니떡갈비조림
721,옛날왕돈까스
722,돈까스
723,양념깻잎지
724,그린샐러드*오렌지드레싱
725,파닭
726,물파래초무침
727,치킨텐더*콘소스D
728,봄동된장무침
729,흑미밥
730,주먹밥
731,크림카레우동
732,장각삼계탕
733,곤드레밥*양념장
734,사과오이무침
735,상추쑥갓생채
736,열무나물무침
737,연두부샐러드*소스
738,검은깨올방개묵무침
739,와사비무쌈
740,생선까스*타르타르소스
741,유산슬
742,불고기덮밥
743,사골우거지국
744,오이미역무침
745,치커리들깨무침
746,완두콩스프
747,아몬드멸치볶음
748,해물볶음
749,안동찜닭
750,미니돈까스
751,오꼬노미계란말이
752,돈나물오리엔탈무침
753,비엘티샌드위치
754,보쌈김치
755,하와이안필라프
756,웨지감자오븐구이
757,모듬어묵볶음
758,오리고추장불고기
759,새우완자국
760,"식혜,오렌지,바나나"
761,골뱅이채소무침&실곤약
762,닭볶음
763,바지락콩나물국
764,미니함박조림
765,깻잎*쌈장
766,비타민흑임자샐러드
767,허니버터치킨
768,감자채피망볶음
769,소고기된장찌개
770,요거닭
771,몽골식돈육볶음
772,(New)수제단호박식혜
773,미니쌀국수
774,소고기무우국
775,대패삼겹살볶음
776,돌나물무침
777,포테이토오븐구이
778,시금치나물무침
779,축하떡
780,굴미역국
781,오리훈제고추장볶음
782,샤워크림새우
783,햄계란말이
784,냉이된장찌개
785,소고기주먹밥
786,김밥볶음밥
787,단호박스프
788,계란떡볶이
789,건새우아욱국
790,피홍합탕
791,군고구마
792,땅콩멸치조림
793,야채샐러드
794,조각케익
795,너비아니구이
796,브로콜리숙회*초장
797,훈제오리볶음
798,옹심이만두떡국
799,오징어국
800,콩나물국
801,동그랑땡강정
802,멸치크랜베리볶음
803,시래기지짐
804,가지쇠고기볶음
805,부채살오므라이스
806,부추와사비무침
807,가쯔오국
808,실곤약냉채
809,땡초주먹밥
810,삼겹살야채비빔면
811,류산슬
812,콩가루배춧국
813,돈육도라지고추장볶음
814,소고기계란장조림
815,꽃맛살오리엔탈샐러드
816,깐풍두부
817,새우만두*장
818,도라지오이생채
819,감자채볶음
820,쫑상추무침
821,팝콘치킨*데리야끼소스
822,쑥갓두부무침
823,우불고기
824,샐러드파스타
825,모둠튀김*칠리소스
826,소고기미역국
827,가정의날
828,맛탕
829,고구마줄기볶음
830,해물까스
831,콩비지김치찌개
832,오징어땅콩조림
833,섭산적고추장구이
834,김치제육볶음
835,꼬막찜
836,새우볶음밥
837,황태국수
838,닭살냉채
839,골뱅이소면무침
840,가지무침
841,오리들깨탕
842,돈수육*쌈장
843,만두탕수육
844,피바지락배추국
845,클로렐라)*양념장
846,상추무침
847,돈육잡채
848,"(쌀,돈육국내산)"
849,해물잡채
850,볼어묵조림
851,열무비빔국수
852,숙주나물무침
853,새송이버섯조림
854,해물콩나물찜
855,야채소시지전*케찹
856,훈제오리불고기
857,모둠튀김(만두*고추*통계란)
858,숙주미나리잡채
859,자반고등어찜
860,오징어초무침
861,삼계국밥
862,얼갈이겉절이
863,생선까스&탈탈소스
864,양배추
865,(New)아롱사태샐러드*들깨소스
866,반달호박나물
867,맛살콩나물냉채
868,토마토샌드위치
869,홍합미역국
870,꽃상추무침
871,나가사끼짬뽕국
872,샐러리샐러드
873,동태콩나물찜
874,(NeW)깐풍아귀
875,허니슈스트링감자
876,바나나시나몬토스트
877,소세지오븐구이
878,고등어김치찜
879,소고기매운국
880,김치콩나물국
881,김치전
882,왕만두
883,꽁치오븐구이
884,닭개장
885,새우살죽
886,검정콩밥
887,애호박볶음
888,상추파무침
889,호박고구마오븐구이
890,수제돈까스
891,해물볶음밥
892,고추잎나물
893,크림롤케익
894,새송이고추장구이
895,참치파개장
896,두부카프레제샐러드
897,치자밥
898,닭매운찜
899,버섯영양밥*우렁양념장
900,(New)배추오이흑임자무침
901,쑥된장국
902,쇠고기해장국
903,해물죽
904,표고돈육탕수
905,매운호박볶음
906,콩가루된장국
907,쪽파국
908,파김치
909,삼색물만두무침
910,시금치초장무침
911,근대국
912,(New)버터치킨카레소스
913,영양부추생채
914,매운소고기국
915,돈까스김치나베
916,데리야끼파닭
917,견과류샐러드*딸기D
918,해물짬뽕국
919,연근유자피클
920,버섯영양밥
921,김치주먹밥
922,콘치즈오븐구이
923,콩자반
924,"홍삼,크란치바"
925,양상추샐러드*요거트감귤D
926,닭가슴살겨자무침
927,통배추겉절이
928,케익
929,양상추샐러드*유자청D
930,크로아상샌드위치
931,후난식볶음밥
932,비빔국수
933,간장치킨
934,동파육
935,호박볶음
936,근대고추장무침
937,올방개묵무침
938,옛날돈가스
939,미소장국
940,머위대들깨볶음
941,마늘*새우젓
942,미역레몬초무침
943,아귀지리탕
944,가지나물
945,사과청경채무침
946,두부떡국
947,목살데리야끼
948,"(대추,표고,밤)"
949,삼색귤소스무침
950,잣죽
951,스팸계란전
952,베이컨치즈베이글
953,콩나물밥
954,오이지무침
955,풋고추
956,치킨텐더*요거트D
957,청경채사과생채
958,양상추샐러드
959,베이글
960,무생채
961,무나물들깨볶음
962,고구마떡볶이
963,흑미쌀찐빵
964,허니버터옥수수
965,얼큰소고기무국
966,오리훈제마늘볶음
967,또띠아칩
968,연유후레쉬
969,푸실리파스타샐러드
970,건취나물볶음
971,치커리단감무침
972,잡채밥
973,오렌지
974,손수제비국
975,순두부찌개
976,참치채소볶음
977,배추쌈
978,두부
979,콩나물파채
980,히레카츠*소스
981,동파삼겹수육
982,양배추채무침
983,꽃게찌개
984,마늘
985,꽁치허브구이
986,고추잡채*꽃빵
987,개성식메밀부침개
988,연근흑임자샐러드
989,삼치양념구이
990,언양식불고기*양파채
991,몽골식돈육볶음&꽃빵
992,명태코다리조림
993,마카로니샐러드
994,두부된장찌개
995,샐러드
996,군만두
997,바베큐장각오븐구이
998,양상추샐러드*석류D
999,깻순나물
1000,양배추샐러드*사우전D
1001,꽁치레몬구이
1002,(New)오리들깨탕
1003,순대오징어볶음
1004,가자미구이
1005,치즈닭갈비
1006,바지락국
1007,고갈비구이
1008,양상추샐러드*오미자D
1009,매생이굴국
1010,모듬버섯탕수육
1011,가자미엿장조림
1012,치킨까스&소스
1013,마늘쫑새우볶음
1014,찜)
1015,모듬떡볶이
1016,실곤약야채무침
1017,매운순대국밥
1018,우엉조림
1019,순살파닭
1020,맑은순두부국
1021,짠지오이무침
1022,건새우호박볶음
1023,적어양념장구이
1024,목살간장조림
1025,순살양념치킨
1026,생선까스
1027,컬리플라워샐러드
1028,(지단.김가루)
1029,우엉어묵볶음
1030,새우살볶음밥
1031,단무지무침
1032,(New)궁보계정
1033,(
1034,새우튀김*크림소스
1035,곤약어묵볶음
1036,호두견과류강정
1037,소불고기덮밥
1038,참치채소죽
1039,치킨마요덮밥
1040,샐러드*땅콩소스
1041,시금치두부무침
1042,크랜베리단호박샐러드
1043,볶음김치
1044,우동장국
1045,우엉땅콩조림
1046,마늘베이컨볶음밥
1047,두부참치조림
1048,소고기메추리알장조림
1049,봄동전
1050,돈사태김치찜
1051,명태양념조림
1052,소고기콩나물밥*양념
1053,감자고구마샐러드
1054,느타리애호박볶음
1055,맛살떡샐러드
1056,버섯죽
1057,미역소고기죽
1058,팥죽
1059,(New)빠네파스타
1060,비프스파게티
1061,봄동무침
1062,매생이국
1063,수삼닭죽
1064,부추생채
1065,대패삼겹*파채
1066,통마늘너비아니조림
1067,쇠고기우거지국
1068,쇠고기매운버섯국
1069,자장소스
1070,햄에그샌드위치
1071,파래김*양념장
1072,방풍나물무침
1073,감자비엔나볶음
1074,쌈추전*간장
1075,궁중떡볶이
1076,돈갈비양념구이
1077,쇠고기청경채볶음
1078,통계란꼬치어묵탕
1079,매생이전
1080,야채스틱*견과쌈장
1081,그린샐러드*매실D
1082,고춧잎볶음
1083,우동국물
1084,매콤시래기된장지짐
1085,왕새우튀김
1086,미트볼파스타*추가밥
1087,견과류연근조림
1088,차조밥
1089,시저샐러드*시저드레싱
1090,깻잎양념찜
1091,(New)코코뱅
1092,오징어튀김*초간장
1093,브로콜리
1094,인절미
1095,연근
1096,견과류샐러드*요거트D
1097,인기가요샌드
1098,누룽지
1099,버섯들깨죽
1100,건새우마늘쫑볶음
1101,섭산적구이
1102,대파육개장
1103,연어스테이크
1104,달래새우전
1105,도토리묵채소무침
1106,호박숙
1107,씨앗쌈장
1108,꽁치한마리레몬구이
1109,짬뽕국
1110,크리스마스케익
1111,(New)누룽지장각백숙
1112,오징어무침
1113,생선가스
1114,두부계란전
1115,야채햄샌드
1116,"피클,음료"
1117,쌈&야채스틱
1118,미역줄기볶음
1119,모닝롤
1120,모짜렐라핫도그
1121,짜샤이볶음
1122,쇠고기규동덮밥
1123,수제탕수육
1124,주꾸미초무침
1125,들깨감자국
1126,메추리알꽈리고추조림
1127,깻잎찜
1128,양상추샐러드*흑임자드레싱
1129,요거트파르페
1130,돈육마늘장조림
1131,메추리알치즈떡볶이
1132,깍두기
1133,김치제육덮밥
1134,봄동쌈
1135,참치야채전
1136,고등어양념구이
1137,모둠소시지구이
1138,양잡피잡채
1139,미역오이초무침
1140,브로콜리스프
1141,곰피초장
1142,건파래볶음
1143,감자채파프리카볶음
1144,옥수수계란찜
1145,옥수수샌드
1146,제육간장불고기
1147,갈릭파이
1148,두부맑은국
1149,김치순두부찌개
1150,카프레제샐러드
1151,눈꽃치즈샐러드*감귤D
1152,보코치니샐러드
1153,달래된장국
1154,토마토설탕절인
1155,오이양파무침
1156,통고추쌈장무침
1157,계란말이
1158,알감자버터구이
1159,냉이나물무침
1160,소세지볶음
1161,훈제오리고추장볶음
1162,브로컬리
1163,땅콩아몬드조림
1164,쇠고기모듬장조림
1165,쇠고기야채볶음
1166,팽이버섯채소전
1167,꽁치김치말이
1168,또띠아피자
1169,연어훈제샐러드
1170,하루나겉절이
1171,미니잔치국수
1172,(New)케일쌈밥*씨앗쌈장
1173,바베큐폭립
1174,숙주미나리나물
1175,마늘쫑햄볶음
1176,어묵매운국
1177,꽈리고추찹쌀무침
1178,애플카레라이스
1179,버섯메추리알장조림
1180,모둠튀김
1181,자기계발의날
1182,홍시드레싱샐러드
1183,촉촉한치즈빵
1184,채소죽
1185,깐풍기
1186,오이무피클
1187,고추가루:중국산)
1188,양배추샐러드*딸기요거트D
1189,딸기푸딩
1190,탕수만두
1191,멸치고추장무침
1192,김치고기전
1193,시금치샐러드*오리엔탈D
1194,어묵잡채
1195,골뱅이무침*소면
1196,쇠고기두부찜
1197,적어구이&양념장
1198,차돌박이찌개
1199,두부오꼬노미야끼
1200,감자그라탕
1201,귀리밥
1202,메밀부추전
1203,핫도그&케찹
1204,양념깻잎지찜
1205,한식잡채
1206,고등어카레구이
1207,짜장닭볶음
1208,두부김칫국
1209,선지해장국
1210,수제함박스테이크
1211,달래두부무침
1212,참치야채죽
1213,돈육가지두반장볶음
1214,찜닭
1215,명란계란찜
1216,상추&마늘
1217,건새우무채국
1218,아쿠아돈까스
1219,스틱단무지
1220,꽁채캔김치조림
1221,계란찜
1222,고구마함박스테이크
1223,콩죽
1224,아욱국
1225,매쉬드포테이토
1226,생선까스*타르
1227,소고기숙주볶음
1228,에그단호박샌드
1229,비엔나야채볶음
1230,라면땅
1231,쇠고기죽
1232,날치알계란찜
1233,(삼겹에김치를말아서)
1234,오이초무침
1235,청포도주스
1236,닭감자조림
1237,어묵피망볶음
1238,미나리숙주무침
1239,방울토마토
1240,미역나물
1241,수제피클
1242,슈크림
1243,식빵피자
1244,돈육간장볶음
1245,나주곰탕
1246,미나리오이무침
1247,매콤낙지볶음
1248,조기구이
1249,오렌지자몽샐러드
1250,채소계란말이
1251,짬뽕
1252,가지두반장볶음
1253,쭈꾸미삼겹고추장볶음
1254,오이사과생채
1255,등뼈묵은지찜
1256,겉절이김치
1257,나가사끼짬뽕
1258,참나물땅콩무침
1259,오징어찌개
1260,버섯숙회*초장
1261,꼬시래기초무침
1262,자반김
1263,조각사과
1264,계란볶음밥
1265,브로콜리새송이메추리알조림
1266,바지락무국
1267,새우살미역국
1268,단호박장조림
1269,"파인애플,요플레"
1270,두부고기양념찜
1271,취나물
1272,토마토스파게티
1273,늙은호박죽
1274,돈채호박볶음
1275,북어해장국
1276,치커리만다린무침
1277,무채국
1278,임연수엿장조림
1279,파인애플볶음밥
1280,토마토
1281,북어무우국
1282,볶음우동
1283,크랜베리멸치볶음
1284,생야채*쌈짱
1285,미나리초장무침
1286,냉이국
1287,오징어브로컬리*초장
1288,감자국
1289,귤
1290,비엔나감자구이
1291,우유
1292,동그랑땡구이
1293,"망고,복숭아아이스티"
1294,수원왕갈비통닭
1295,홍합국
1296,마늘빵
1297,장국
1298,북어국
1299,열무나물
1300,양념고추지
1301,*
1302,고구마그라탕
1303,버섯들깨탕
1304,치즈베이글
1305,토마토두부카프레제
1306,돈육떡강정
1307,치킨텐더샐러드
1308,취나물볶음
1309,옹심이만둣국
1310,콩나물동태찜
1311,상추부추무침
1312,건파래무침
1313,두부조림
1314,동태찌개
1315,양상추샐러드*딸기요거트
1316,(New)국물쪼리닭
1317,연근샐러드
1318,비름나물
1319,크렌베리멸치볶음
1320,꽁치김치조림
1321,토마토스크램블
1322,절인고추
1323,아귀순살찜
1324,도토리묵*양념장
1325,멸치견과류볶음
1326,옥수수감자범벅
1327,열무된장국
1328,봄나물튀김
1329,꽈리고추어묵볶음
1330,마계토스트
1331,과일요거트샐러드
1332,사과오이초무침
1333,스팸구이
1334,오이&당근*쌈장
1335,상추무침*양념장
1336,쇠고기덮밥
1337,락교
1338,＜자기
1339,유부주머니국
1340,쇠고기가지조림
1341,양상추샐러드*오렌지D
1342,파스타샐러드
1343,불고기필라프
1344,쇠고기잡채
1345,감자전
1346,섭산적조림
1347,고구마오븐구이
1348,간장두부조림
1349,고구마순볶음
1350,건강비빔밥*약고추장
1351,꽃게탕
1352,치킨너겟
1353,만두찜*간장
1354,고등어조림
1355,닭갈비
1356,마늘쫑메추리알조림
1357,도라지볶음
1358,햄볶음밥
1359,모듬쌈*쌈장
1360,연두부*장
1361,고추짜장
1362,풍기샐러드
1363,두부계란부침
1364,과일
1365,조갯살아욱국
1366,고기듬뿍카레라이스
1367,민물새우찌개
1368,순대볶음
1369,고추
1370,훈제오리단호박볶음
1371,(New)짜파치킨
1372,채소스틱&쌈장
1373,닭살해장국
1374,삼겹살김치볶음
1375,그린샐러드
1376,호박채나물
1377,볶음쌀국수
1378,생선초밥
1379,삼치데리야끼
1380,찐감자
1381,베리베리샐러드
1382,(New)수제참나물장아찌
1383,숙주나물당근무침
1384,메밀전병
1385,가자미찜
1386,매실주스
1387,맑은버섯닭개장
1388,해물떡볶이
1389,롤케이크
1390,단호박피자빵
1391,삼색꼬지전
1392,잔치국수
1393,카레덮밥
1394,참나물생채
1395,고구마범벅
1396,두부커틀릿
1397,상추겉절이
1398,(New)고구마순등뼈탕
1399,꼬시래기무초무침
1400,짜장소스
1401,쇠고기무국(빨갛게)
1402,(New)깐풍연근
1403,(샐러드닭가슴살
1404,연두부계란찜
1405,동전문어조림
1406,어묵간장조림
1407,<120명
1408,가자미무조림
1409,등심돈까스
1410,닭강정
1411,유채나물된장무침
1412,어묵깻잎전
1413,치커리유자생채
1414,청경채나물
1415,양상추샐러드*키위요거트D
1416,삼치구이*데리야끼소스
1417,감자채햄볶음
1418,쫑상추새콤무침
1419,바베큐함박찹스테이크
1420,해물청경채볶음
1421,레몬미역초무침
1422,홍초콩나물국
1423,양상추샐러드*딸기D
1424,물파래무침
1425,가래떡돼지갈비찜
1426,그린샐러드*참깨D
1427,고구마샌드
1428,쇠고기매운국
1429,"황도샐러드,포도주스"
1430,비빔밥*약고추장
1431,꽈배기도너츠
1432,오이쑥갓겉절이
1433,연두부*양념장
1434,수제두부까스&하이소스
1435,만두국
1436,사천식탕수육
1437,"야채스틱,고추*쌈장"
1438,순대채소볶음
1439,비름나물된장무침
1440,버섯들깨나물
1441,우거지해장국
1442,고기완자전*케찹
1443,고구마치즈돈까스
1444,아이스슈
1445,돼지김치찌개
1446,스크램블
1447,간장파닭
1448,음료
1449,대패삽겹숙주볶음
1450,미니국수
1451,문어꽈리초조림
1452,양파치킨
1453,알배기
1454,단배추들깨무침
1455,메밀버섯전
1456,파래김*장
1457,야채죽
1458,*도시락김
1459,순두부계란국
1460,유채된장무침
1461,꽁치와사비구이
1462,머위된장무침
1463,꽃삼겹김치찜
1464,김치어묵탕
1465,닭곰탕
1466,해물동그랑땡전
1467,바지락미역국
1468,로제찜닭*마늘빵
1469,감자햄볶음
1470,모시조개시금치국
1471,군대리아
1472,기장밥
1473,채소피클*할라피뇨
1474,꽁치구이*와사비장
1475,시금치고추장무침
1476,주꾸미야채무침
1477,파채*소스
1478,베이컨에그슬럿
1479,열기어구이
1480,북어계란국
1481,호박새우젓국
1482,명태조림
1483,청경채깨장나물
1484,바나나팬케익
1485,재래김*양념장
1486,쌈추겉절이
1487,토마토샌드
1488,두부매콤조림
1489,오이피클
1490,애플망고두유
1491,옹심이만두국
1492,양배추쌈*양념장
1493,고추튀김*장
1494,두부브로컬리무침
1495,떡갈비
1496,메밀비빔국수
1497,브로컬리들깨무침
1498,유자청돈육볶음
1499,오이도라지생채
1500,꽈리고추감자조림
1501,해초레몬무침
1502,꼬치어묵떡볶이
1503,수제마늘바게트
1504,메추리알조림
1505,가자미튀김
1506,전주식콩나물해장국
1507,크루통샐러드*참깨D
1508,새송이볶음
1509,황태양념구이
1510,크래미숙주무침
1511,애호박건새우볶음
1512,비엔나컬리플라워볶음
1513,꽈리고추멸치볶음
1514,뼈없는감자탕
1515,*타르타르소스
1516,황태포무침
1517,새송이전
1518,브로컬리오징어숙회
1519,주꾸미무침
1520,모둠쌈*쌈장
1521,꽁치한마리구이
1522,매운족발볶음
1523,볶음밥*자장소스
1524,어묵고추장떡
1525,어묵우동
1526,볶음밥(김밥재료)
1527,생선커틀릿*탈탈소스
1528,야채주먹밥
1529,영양부추
1530,잡채밥&짜장소스
1531,크림치즈프레즐
1532,느타리버섯장조림
1533,비엔나케찹볶음
1534,돈갈비찜
1535,구이김
1536,참치회덮밥
1537,콩나물맑은국
1538,베이비샐러드*석류D
1539,양상추샐러드*오리엔탈
1540,콩국수
1541,가지완자튀김
1542,매운소불고기
1543,새우살호박볶음
1544,오향장육
1545,쌈추
1546,도라지초무침
1547,가지된장무침
1548,고춧잎무침
1549,해라피겨자채
1550,청포도피클
1551,감자프리타타
1552,새우까스*탈탈소스
1553,양념고추지무침
1554,매운소고기무국
1555,고구마샐러드
1556,멸치크렌베리볶음
1557,섬초무침
1558,김치빈대떡
1559,감자볶음
1560,골뱅이채소무침
1561,냉이된장국
1562,산고추지무침
1563,열대과일샐러드
1564,쪽파김무침
1565,코다리무조림
1566,장어강정*데리야끼소스
1567,고등어김치말이
1568,새우튀김우동
1569,LA갈비구이
1570,해물김치전
1571,(New)탄두리치킨
1572,스태프핫도그
1573,모둠쌈
1574,오이보트샐러드
1575,야채호빵
1576,무쌈채소말이
1577,쇠고기샤브국
1578,오이맛살볶음
1579,호박꼬지&고사리&무나물
1580,단배추겉절이
1581,동태전
1582,무채맑은국
1583,낙지덮밥
1584,미나리전
1585,모듬묵흑임자샐러드
1586,콩나물김치국
1587,하와이언함박스테이크
1588,컵주스
1589,동태무조림
1590,메추리알곤약조림
1591,임연수무조림
1592,쫄면
1593,소세지감자조림
1594,꽈리고추메추리알조림
1595,참치샐러드
1596,군만두*초간장
1597,닭데리야끼조림
1598,호밧젓국찌개
1599,콩나물두루치기
1600,깻잎양념지
1601,돈육강정
1602,유채나물무침
1603,상추
1604,오이선
1605,매운어묵볶음
1606,언양식바싹불고기
1607,양상추샐러드*흑임자D
1608,웨지감자
1609,조갯살무국
1610,우동
1611,봉추찜닭
1612,매콤돼지갈비찜
1613,인절미샌드
1614,전복장각삼계탕
1615,케찹
1616,가쯔오장국
1617,참나물들깨무침
1618,표고버섯탕수육
1619,느타리팽이볶음
1620,해물굴소스볶음밥
1621,표고버섯죽
1622,동태매운탕
1623,명엽채볶음
1624,딸기생크림와플
1625,블루베리드레싱샐러드
1626,들깨미역국
1627,김말이강정
1628,실곤약흑임자무침
1629,닭살겨자채
1630,비엔케찹볶음
1631,고등어구이
1632,(New)단호박치즈해물찜
1633,야채샌드위치
1634,주스
1635,참치마요덮밥
1636,수원왕갈비
1637,피자토스트
1638,콩나물냉국
1639,시금치나물
1640,꼬마김밥*겨자장
1641,모듬묵양념장
1642,세발나물무침
1643,양파호박채나물
1644,두부계란부침*양념
1645,고구마까스*소스
1646,소고기무국
1647,모둠소세지구이
1648,마카로니콘샐러드
1649,시저샐러드
1650,찹쌀밥
1651,제육볶음(빨갛게)
1652,새알만두국
1653,조랭이미역국
1654,오이도라지무침
1655,모듬묵*장
1656,근대두부된장국
1657,"청,적포도,오렌지주스"
1658,황태맑은국
1659,삼치데리야끼구이
1660,시래기삼치조림
1661,실곤약채소무침
1662,애플잼쿠키
1663,모둠양채쌈
1664,해물순두부찌개
1665,통아몬드멸치볶음
1666,자반고등어구이
1667,대구지리탕
1668,(New)마약계란장조림
1669,(New)에그샐러드
1670,불낙찌개
1671,감자샌드
1672,꼬들단무지
1673,베이컨볶음밥
1674,찐햇감자
1675,소고기떡국
1676,토란국
1677,과일그라탕
1678,파운드케익
1679,도라지오이초무침
1680,고추장감자조림
1681,떡밤초
1682,모히토과일샐러드
1683,깍둑오이초무침
1684,김치필라프
1685,들깨버섯국
1686,맑은연두부탕
1687,맛살전
1688,두부김치국
1689,순살깐풍기
1690,시래기국
1691,돈육모듬장조림
1692,땅콩멸치볶음
1693,제육고추장불고기
1694,호두죽
1695,매운쇠고기국
1696,연근땅콩조림
1697,미니짬뽕
1698,코다리엿장조림
1699,물미역무침
1700,순두부탕
1701,메밀전병만두
1702,양념치킨
1703,카레닭볶음
1704,망고주스
1705,달래오이생채
1706,우렁살된장국
1707,오징어콩나물국
1708,파래김*양념
1709,"오징어링,새우튀김"
1710,돈육고추장볶음
1711,브로콜리깨소스무침
1712,찐만두
1713,빠에야
1714,(New)수제부들어묵잡채튀김
1715,만두튀김
1716,아귀지리
1717,수제돈까스&소스
1718,어묵꽈리고추볶음
1719,컵라면&찐계란
1720,삼겹살수육
1721,감자만두*양념
1722,느타리호박볶음
1723,돈육장조림
1724,불닭볶음
1725,맛살냉채
1726,김치볶음밥
1727,쇠고기퀘사디아
1728,쇠고기볶음밥
1729,부대찌개
1730,물파래전
1731,쑥갓쌈&쌈장
1732,두부찜
1733,매운닭찜
1734,도토리묵야채무침
1735,돌나물오이무침
1736,허니브레드
1737,병아리콩
1738,아오리사과
1739,등갈비바베큐조림
1740,콩나물파채무침
1741,온두부
1742,모닝샌드
1743,머위된장나물
1744,메추리알탕수
1745,짬뽕순두부찌개
1746,짜장덮밥
1747,머위대초무침
1748,육개장
1749,모듬야채쌈
1750,어묵곤약볶음
1751,오징어볶음*소면
1752,"김말이,고추튀김"
1753,매운쇠고기버섯볶음
1754,소고기불고기
1755,새우미역초무침
1756,교촌간장치킨
1757,배추시래기국
1758,콩가루배추국
1759,굴소스해물볶음밥
1760,오이맛살무침
1761,채소탕수(연근
1762,메밀전
1763,미나리나물무침
1764,깻잎순나물볶음
1765,감자만두국
1766,소고기당면국
1767,오이지냉국
1768,페퍼로니피자
1769,(New)고추마요치킨
1770,콩조림
1771,미트볼칠리조림
1772,양파짱아찌
1773,단호박견과류구이
1774,오리주물럭
1775,쇠고기국
1776,총각김치
1777,연근튀김*칠리소스
1778,브로컬리죽
1779,치킨너겟*머스타드
1780,수제미니햄버거
1781,치커리깨소스무침
1782,회오리감자
1783,부대찌개*라면사리
1784,감자소세지볶음
1785,사과양상추샐러드
1786,무나물
1787,간장불고기
1788,돈육고추장불고기
1789,갈비탕
1790,비타민샐러드*요거트D
1791,훈제오리
1792,콩나물겨자채
1793,새싹샐러드*오렌지D
1794,게살채소죽
1795,오색떡국
1796,대구탕
1797,소고기죽
1798,등갈비김치찜
1799,소고기브로컬리볶음
1800,영양부추무침
1801,백김치
1802,풋고추양파쌈장무침
1803,연두부샐러드
1804,애플파이
1805,김치두부국
1806,오징어브로컬리
1807,알리오올리오
1808,블루베리사과샌드
1809,볼어묵고추장볶음
1810,주꾸미볶음
1811,타꼬야끼
1812,해물짬뽕
1813,감자튀김
1814,전주식콩나물국
1815,마늘쫑건새우
1816,매운사태찜
1817,통새우또띠아
1818,올갱이아욱국
1819,다시마*브로컬리
1820,맑은버섯육개장
1821,고사리육개장
1822,(New)수제어묵소세지핫도그
1823,계발의
1824,해물굴소스볶음
1825,산채비빔밥
1826,*흑임자드레싱
1827,생선까스*소스
1828,단팥죽
1829,매실음료
1830,떡갈비주먹밥
1831,모둠양채쌈*쌈장
1832,시금치고추장국
1833,순살닭갈비
1834,고추장불고기
1835,(오븐에
1836,양파절임
1837,쫄면비빔만두
1838,부추깻잎전
1839,BLT샌드위치
1840,홍어채무침
1841,콩나물잡채
1842,딤섬
1843,마늘바게트
1844,계란
1845,강낭콩밥
1846,오징어채소볶음
1847,연두부국
1848,토마토리코타치즈샐러드
1849,갈치튀김
1850,파래김
1851,쑥갓겉절이
1852,양상추샐러드*파인D
1853,컵케익
1854,채소볶음우동
1855,부추양파무침
1856,깻잎고기전
1857,셀프무쌈말이
1858,동그랑땡
1859,볶음밥
1860,얼큰동태탕
1861,톳무침
1862,치킨핑거*요거트드레싱
1863,브로컬리들깨소스
1864,비엔나컬리플라워조림
1865,시금치국
1866,콩나물밥*달래장
1867,에그맥모닝
1868,겨울초나물
1869,다시마쌈*씨앗쌈장
1870,고르곤졸라피자
1871,베이컨감자볶음
1872,완자전
1873,들깨시락국
1874,쇠고기단호박조림
1875,등갈비오븐구이
1876,어묵꽈리고추조림
1877,고구마순무침
1878,베이컨샌드위치
1879,유부주머니우동국
1880,쭈꾸미볶음
1881,비엔나소세지볶음
1882,고구마맛탕
1883,감자햄조림
1884,어묵국
1885,매실짱아찌
1886,채소튀김*장
1887,맛살계란찜
1888,그린샐러드*키위요거트D
1889,우거지국
1890,옥수수콘치즈
1891,돈육콩나물불고기
1892,노각무침
1893,멸치주먹밥
1894,오리불고기
1895,수제치킨까스
1896,팽이버섯장국
1897,구구마순나물
1898,홍합무우국
1899,영양모듬견과
1900,콩나물맛살냉채
1901,후르츠탕수육(황도)
1902,바지락살국
1903,들깨무채국
1904,무쌈
1905,사각어묵볶음
1906,취나물땅콩무침
1907,단팥빵
1908,김말이&만두튀김
1909,트위스터버거
1910,돈육계란장조림
1911,낙지김치죽
1912,두부양념조림
1913,*잔반없는날*
1914,우불고기볶음
1915,시래기나물
1916,갈릭파닭
1917,훈제오리구이
1918,홍합짬뽕국
1919,와플&생크림
1920,통도라지고추장구이
1921,하와이안샐러드
1922,연두부*달래장
1923,북어맑은국
1924,해물완자전*케찹
1925,삼치된장구이
1926,"스팸,깻잎전"
1927,콩나물된장국
1928,구운어묵볶음
1929,고추잡채&꽃빵
1930,청포묵야채무침
1931,고구마파이
1932,양파초절임
1933,펜네베이컨샐러드
1934,쌈무
1935,부추고추장무침
1936,돈신탕(해장탕)
1937,뼈해장국
1938,치킨핑거
1939,건새우무국
1940,시리얼샐러드*요플레D
1941,모듬소세지볶음
1942,콩나물김칫국
1943,라즈베리빵
1944,통들깨부추무침
1945,두부강정
1946,모둠쌈*씨앗쌈장
1947,바싹불고기*양파초절임
1948,마늘종숙회
1949,감자채전
1950,궁중떡찜
1951,돼지국밥
1952,감자된장찌개
1953,두부계란구이
1954,미역장국
1955,교자만두
1956,딸기드레싱샐러드
1957,찐옥수수
1958,"(쌀:국내산,돈육:국내"
1959,도라지생채
1960,짜사이볶음
1961,모닝에그빵
1962,오징어젓무침
1963,오징어불고기
1964,묵은지삼겹살찜
1965,크루통샐러드*오리엔탈D
1966,매콤함박스테이크
1967,요구르트
1968,북어짬뽕국
1969,도라지채무침
1970,홍루이젠
1971,닭카레볶음
1972,더덕고추장불고기
1973,닭간장조림
1974,애기새송이버섯볶음
1975,물만두
1976,맛살겨자초무침
1977,가자미양념조림
1978,차돌된장찌개
1979,무청된장국
1980,호박고추장찌개
1981,사골파국
1982,토마토계란찜
1983,해물까스*탈탈소스
1984,쪽파숙회
1985,달래된장찌개
1986,카레감자볶음
1987,오징어떡볶음
1988,김치어묵국
1989,사과맛살초무침
1990,꼬시래기무침
1991,"사과,마시는요거트"
1992,가래떡구이*조청
1993,감자치즈구이
1994,호박새우젓찌개
1995,탱크보이
1996,모둠버섯구이
1997,한방갈비탕
1998,아욱된장국
1999,야채소시지전
2000,딸기와플
2001,크래미샌드
2002,초코핫케익
2003,증편
2004,야채스틱
2005,오징어튀김
2006,매운등뼈조림
2007,쇠고기마늘죽
2008,근대나물무침
2009,오이소배기
2010,콘치즈구이
2011,차돌박이숙주볶음
2012,길거리토스트
2013,장어강정
2014,돈육간장불고기
2015,쌀국수(숙주들어감)
2016,소고기콜라비조림
2017,새알팥죽
2018,수제등심찹쌀꿔바로우
2019,수제돈가스&소스
2020,양상추샐러드*만다린D
2021,가지볶음
2022,오미산적
2023,상추+양념장
2024,단호박*팥찜
2025,시금치초고추장무침
2026,들깨버섯무침
2027,치커리배생채
2028,열무비빔밥
2029,마늘쫑맛살볶음
2030,매운어묵국
2031,양배추비트피클
2032,깻잎쌈*생강채
2033,이색묵(올방개
2034,가래떡오븐구이
2035,갈치무조림
2036,우렁된장찌개
2037,"인절미츄러스맛탕,배즙"
2038,비빔칼국수
2039,미역무침
2040,*망고드레싱
2041,푸딩
2042,오렌지케익빵
2043,낙지미나리볶음
2044,김치말이국수
2045,부추호박전
2046,고등어김치말이찜
2047,호박숙*양념장
2048,파프리카계란말이
2049,김치참치주먹밥
2050,병아리*렌틸콩샐러드
2051,골뱅이야채무침
2052,두릅새송이초무침
2053,해물완자전
2054,오징어볶음
2055,양념김
2056,풋마늘대무침
2057,꽃맛살햄볶음
2058,수제오이피클
2059,또띠아견과칩
2060,짬뽕수제비국
2061,비빔메밀면
2062,견과류샐러드*땅콩D
2063,유부초밥
2064,감자수제비국
2065,옥수수콘치즈구이
2066,블루베리프렌치토스트
2067,애플샌드
2068,모닝사라다빵
2069,찰보리밥
2070,야채튀김
2071,삼겹살더덕고추장구이
2072,생크림단팥빵
2073,비타민흑임자샐러드*흑임자D
2074,양념두부조림
2075,열무보리비빔밥
2076,시리얼과일샐러드
2077,(NEW)가지탕수
2078,파프리카감자채볶음
2079,지중해샐러드
2080,연두부*양념
2081,목살데리야끼구이
2082,녹두전
2083,수제핫도그
2084,춘장돈육볶음
2085,두부카프레제
2086,찰현미밥)
2087,마늘바게뜨
2088,짜장밥
2089,바지락죽
2090,옥수수전
2091,섭산적데리야끼조림
2092,흑임자연근샐러드
2093,치커리유자청생채
2094,카레돈까스정식
2095,해물칼국수
2096,샐러드*오리엔탈D
2097,미니햄버거
2098,돈육청경채볶음
2099,비트무피클
2100,알감자조림
2101,전주비빔밥*약고추장
2102,버섯볶음
2103,비엔나케찹조림
2104,김치찐만두
2105,유부우동
2106,꽁치캔김치조림
2107,짜장면
2108,해물까스&타르타르D
2109,파래무침
2110,시래기조림
2111,매운소고기낙지볶음
2112,진미채무침
2113,연근조림
2114,실곤약초무침
2115,물미역*초장
2116,할라피뇨채소피클
2117,물만두국
2118,해파리냉채
2119,떡꼬지
2120,수제고로케
2121,야채샌드
2122,핫케익
2123,닭갈비볶음밥
2124,낙지죽
2125,아삭고추된장무침
2126,주꾸미삼겹살볶음
2127,낙지볶음덮밥
2128,오징어&브로컬리*초장
2129,오이쑥갓생채
2130,순남시래기국
2131,배추깻잎*쌈장
2132,날치알볶음밥
2133,후르츠팬케익
2134,감자만두
2135,주꾸미세비체샐러드
2136,삼치양념찜
2137,팽이버섯부추무침
2138,수제맛쵸킹탕수육
2139,개성감자만두
2140,호떡맥모닝
2141,코코넛새우튀김
2142,새우튀김
2143,토스트
2144,세발나물생채
2145,프렌치토스트
2146,춘권*칠리소스
2147,해물가스*탈탈소스
2148,동태포전
2149,연두부탕
2150,탕수어
2151,양상추샐러드*발사믹D
2152,새알미역국
2153,돈사태찜
2154,칠리미트볼조림
2155,배
2156,그린샐러드*살구D
2157,애호박새우젓나물
2158,블랙페퍼쉬림프
2159,김치녹두전
2160,크로와상
2161,블루베리크림치즈베이글
2162,양배추샐러드
2163,홍어미나리초무침
2164,참치덮밥
2165,비빔야채만두
2166,바게뜨
2167,숙주나물
2168,크루통크림스프
2169,진미채오이무침
2170,순두부국
2171,깻잎순무침
2172,장어고추장양념구이
2173,올챙이만두국
2174,우거지된장국
2175,칠리새우
2176,섭산적표고굴소스볶음
2177,모듬어묵탕
2178,무채와사비무침
2179,우묵콩국
2180,단호박찐빵
2181,냉족발야채무침
2182,우육비빔냉면
2183,수제칠리핫도그
2184,모둠튀김*초간장
2185,수제보쌈김치
2186,육전
2187,오이나물볶음
2188,통도라지구이
2189,땅콩죽
2190,오꼬노미야끼계란말이
2191,삼치무조림
2192,김치도토리묵무침
2193,양상추*쌈장
2194,흑임자샐러드
2195,해물전
2196,주꾸미떡볶음
2197,매운감자국
2198,굴김치두부국
2199,수제돈까스*칠리소스
2200,쨔샤이무침
2201,파채상추무침
2202,갓김치
2203,병아리콩밥
2204,맑은만두국
2205,제첩두부국
2206,두부커틀렛*칠리
2207,생선커틀릿
2208,꼬치어묵매운탕
2209,봄동된장국
2210,꽃맛살과일샐러드
2211,닭볶음탕
2212,대만식연유샌드위치
2213,상추치커리무침
2214,마파두부덮밥
2215,*발사믹소스
2216,타코야끼
2217,코다리양념조림
2218,미니새송이볶음
2219,치커리오이무침
2220,삼선짬뽕국*칼국수
2221,도넛츠
2222,에그샌드
2223,배도라지주스
2224,애호박나물
2225,완두콩밥
2226,낙지볶음*소면
2227,갈릭버섯탕수
2228,봄동전*양념
2229,키위그린샐러드
2230,김잔파무침
2231,쌈채소&쌈장
2232,양배추쌈&쌈장
2233,미니야채떡갈비
2234,검정콩조림
2235,단무지
2236,메론빵
2237,부추생채무침
2238,더덕무침
2239,소고기숙주나물볶음
2240,스팸주먹밥
2241,치킨핑거*요거트D
2242,오이무침
2243,진미채볶음
2244,치킨샐러드
2245,풋마늘초무침
2246,무비트생채(초절이)
2247,들깨버섯탕
2248,파채콩나물무침
2249,소시지오븐구이
2250,브로컬리초장
2251,깻잎
2252,청국장찌개
2253,얼갈이된장국
2254,명엽채고추장볶음
2255,미니버거
2256,훈제오리(마늘만)
2257,쑥갓나물
2258,(New)수제사과계피차
2259,돈사태떡찜
2260,멸치호두볶음
2261,야채볶음밥
2262,버섯굴죽
2263,바지락살무국
2264,호박채나물볶음
2265,아욱수제비국
2266,짜요짜요
2267,왕갈비탕
2268,단호박물김치
2269,짜글이돼지찌개
2270,어묵탕
2271,훈제오리마늘볶음
2272,비엔나감자조림
2273,땅콩샌드
2274,홍합살무국
2275,(New)수제생강대추차
2276,비빔밥
2277,씨리얼과일샐러드
2278,코다리강정
2279,호박된장국
2280,스위트칠리미트볼
2281,상추부추생채
2282,양상추샐러드*밀감D
2283,삼겹살김치찜
2284,순대들깨볶음
2285,(New)봉골레파스타
2286,베이컨계란말이
2287,순두부백탕
2288,소고기장조림
2289,"고추,양파"
2290,닭살카레라이스
2291,민물새우찌깨
2292,마파두부
2293,열무김치
2294,한방소갈비찜
2295,숯불양념꼬치어묵
2296,두반장가지나물
2297,멸치볶음
2298,모카카스테라
2299,아삭고추쌈장무침
2300,문어오이미역초무침
2301,가지마파두부
2302,동태알탕
2303,돌나물*초장
2304,어묵고추장무침
2305,우엉잡채
2306,무채나물
2307,팽이장국
2308,시금치초생채
2309,모듬소시지구이
2310,춘권튀김*칠리소스
2311,두릅소고기샐러드
2312,포기김치
2313,오이미역냉국
2314,볶은김치
2315,가지찜
2316,청양부추전
2317,고기전
2318,(New)미니에그슬럿버거
2319,곤약메추리알조림
2320,레몬탕수육
2321,가자미양념찜
2322,양념장
2323,장아찌
2324,매운떡볶이
2325,참치죽
2326,불고기비빔밥
2327,매생이떡국
2328,오곡죽
2329,고추잡채덮밥
2330,매운떡볶이*순대찜
2331,비빔만두채소무침
2332,호박잎된장국
2333,수수부꾸미
2334,채소볶음밥&자장소스
2335,찹쌀순대볶음
2336,바나나샌드
2337,새송이*가지구이
2338,오징어젓갈무침
2339,명엽체고추장볶음
2340,사과샌드위치
2341,김치죽
2342,연유꽃빵튀김
2343,비트무절임
2344,메론롤케익
2345,양상추샐러드*유자D
2346,토란탕
2347,알타리김치
2348,버섯잡채
2349,탕수육
2350,모닝빵
2351,천도복숭아
2352,소고기모듬장조림
2353,리코타치즈샐러드
2354,산채비빔밥*강된장
2355,미소된장국
2356,만두
2357,우엉채조림
2358,도라지나물볶음
2359,마샐러드
2360,모듬묵*양념장
2361,모둠채소무침
2362,카레닭찜
2363,짬뽕불고기
2364,햄치즈또띠아
2365,참치샌드
2366,사골우거지탕
2367,감자채카레볶음
2368,감자샐러드
2369,타래과
2370,양상추샐러드*매실D
2371,단배추나물
2372,만두찜
2373,머위대나물
2374,호박채볶음
2375,홍게살죽
2376,해파리겨자채
2377,단호박조림
2378,포도주스
2379,나가사키면&김
2380,햄치즈샌드위치
2381,너비아니*부추생채
2382,치즈시즈닝치킨
2383,단호박달걀찜
2384,아귀채무침
2385,명이절임
2386,낙지비빔밥*계란후라이
2387,마카로니치즈범벅
2388,수제과일잼샌드
2389,꽃맛살볶음
2390,짜장잡채덮밥
2391,두부계란전*양념장
2392,간장계란장
2393,보쌈
2394,자몽샐러드
2395,브로콜리숙회
2396,치킨퀘사디야
2397,감자튀김*케찹
2398,메추리알풋고추조림
2399,양념파닭
2400,대만샌드위치
2401,오징어순대볶음
2402,춘천닭갈비
2403,멸치아몬드볶음
2404,깻잎전
2405,부추고추전*간장
2406,상추초무침
2407,물미역초무침
2408,쇠고기장조림
2409,브로콜리맛살볶음
2410,두부새싹구이
2411,가자미카레튀김
2412,건새우호박채전
2413,들기름무채볶음
2414,소고기채소죽
2415,시금치부침개
2416,닭불고기
2417,황태국
2418,삼치조림
2419,삼치튀김*데리야끼
2420,바나나팬케이크
2421,황도샐러드*황도D
2422,퀘사디아
2423,쇠고기낙지볶음
2424,단호박채소전
2425,돈육굴소스볶음
2426,김치볶음
2427,소라살죽
2428,누룽지탕죽
2429,매콤해물볶음
2430,꼬들단무지무침
2431,상추*양념장
2432,단호박팥찜
2433,두부미소된장국
2434,(New)수제토마토청에이드
2435,늙은호박전
2436,양파*쌈장
2437,두부구이*양념장
2438,동그랑땡전
2439,오리고추장볶음
2440,고사리들깨볶음
2441,양상추샐러드*황도D
2442,두부구이
2443,야채계란찜
2444,옥수수샐러드
2445,팽이버섯국
2446,꽃상추겉절이
2447,"(돈육:국내,수입,"
2448,노가리고추조림
2449,오징어브로컬리숙회
2450,만가닥버섯불고기
2451,피클
2452,비빔채소만두
2453,훈제오리냉채
2454,우거지올갱이국
2455,햇고구마오븐구이
2456,치즈프레즐
2457,참치김치볶음
2458,낙지젓무침
2459,치커리사과생채
2460,파프리카잡채
2461,칠리베이비크랩
2462,오징어굴소스볶음
2463,미니함박
2464,유산슬덮밥
2465,피크닉
2466,바지락쑥국
2467,잔멸치볶음
2468,해물까스&타르타르소스
2469,(2
2470,곤드레밥*강된장
2471,팽이가쯔오장국
2472,견과류멸치볶음
2473,"쇠고기:국산,호주)"
2474,야채계란말이
2475,미트볼조림
2476,양념갈비찜
2477,콘슬로우
2478,순두부된장국
2479,쇠고기모둠장조림
2480,해초무침
2481,생파김치
2482,어묵볶음
2483,대파육개장*칼국수
2484,콘샐러드
2485,물만두탕수*소스
2486,복숭아미역냉국
2487,어묵고추장볶음
2488,김말이튀김
2489,무초절임
2490,깻잎쌈*청양마요소스
2491,채소라면
2492,찐빵
2493,새우살야채죽
2494,유린기
2495,차돌비빔국수
2496,고추장고구마순무침
2497,브로콜리버섯볶음
2498,베리베리퐁당요플레
2499,누룽지탕
2500,호박반달나물
2501,꽃게된장국
2502,계란김밥
2503,온모밀국수
2504,배추국
2505,쇠고기불고기
2506,건새우미역국
2507,갈치카레구이
2508,팝콘치킨*데리마요
2509,나초콥샐러드
2510,(New)수제불고기버거
2511,수육*새우젓*쌈장
2512,얼큰감자국
2513,양파
2514,옥수수맛탕
2515,그린샐러드*키위D
2516,무채유자무침
2517,청경채새송이볶음
2518,미니케익
2519,무쌈말이
2520,토마토시금치달걀볶음
2521,숙주고기짬뽕
2522,유채나물
2523,닭가슴살장조림
2524,브로컬리새우전
2525,해물땡굴소스볶음
2526,(New)하와이언치즈함박스테이크
2527,(New)파프리카계란전
2528,두부&김치볶음
2529,명태코다리강정
2530,황도샐러드*밀감D
2531,새송이버섯전
2532,꽃맛살샐러드
2533,(New)수제고기깻잎전
2534,매운사태조림
2535,만다린샐러드*오렌지D
2536,미역줄기
2537,애호박새우젓볶음
2538,호박전
2539,해물섞어찜
2540,매콤호박볶음
2541,모듬버섯구이*초장
2542,소불고기
2543,돼지고기유자청볶음
2544,새싹피자
2545,후르츠탕수육
2546,생과일플레인샐러드
2547,생선까스&소스
2548,북어채국
2549,스콘
2550,매운주꾸미볶음
2551,도라지무침
2552,조갯살미역국
2553,새송이너비아니구이
2554,미소국
2555,참치모닝샌드
2556,꼬지어묵우동
2557,와사비무쌈*쌈장
2558,돈육고구마강정
2559,들깨수제비
2560,중국식볶음밥
2561,베이컨맥모닝
2562,바나나와플
2563,후르츠산도
2564,감자채전*장
2565,그린빈베이컨볶음
2566,버섯메밀전
2567,시금치죽
2568,"양배추,케일*우렁쌈장"
2569,봄새싹비빔밥
2570,함박스테이크*소스
2571,곤약야채무침
2572,비엔나브로콜리볶음
2573,(New)참치두부전
2574,콩샐러드
2575,소세지피망볶음
2576,모둠묵*장
2577,카레라이스
2578,쇠고기숙주규동덮밥
2579,생깻잎지
2580,골뱅이무침&소면
2581,시래기들개탕
2582,양배추샐러드*요플레D
2583,낙지볶음
2584,호박젓국찌개
2585,브로컬리꽃맛살샐러드
2586,고들빼기무침
2587,깻잎통닭*치킨소스
2588,꽁치감자조림
2589,폭탄주먹밥
2590,닭데리야끼구이
2591,치커리사과무침
2592,브로컬리*초장
2593,돼지고기장조림
2594,돈육씨앗강정
2595,채소스틱*쌈장
2596,두유
2597,청양콩나물국
2598,New)요거닭
2599,모듬소세지구이
2600,쭈꾸미삼겹살볶음
2601,펜네파스타샐러드
2602,수떡수떡화채
2603,시금치흑임자샐러드
2604,주꾸미채소볶음
2605,미니쫄우동*맛살튀김
2606,해물수제비
2607,야채비빔만두
2608,느타리볶음
2609,버섯초무침
2610,참나물생채무침
2611,호박죽
2612,비빔만두
2613,두부양념찜
2614,호박맑은국
2615,오이사과냉국
2616,치킨핑거*요거트소스
2617,브로컬리맛살볶음
2618,떡볶이
2619,양상추샐러드*참깨D
2620,다시마채무초무침
2621,핫도그
2622,참치새드
2623,매운동태찜
2624,쇠고기숙주볶음
2625,하루나무침
2626,흑임자죽
2627,누룽지탕수육
2628,계란후라이
2629,언양식불고기
2630,머위순나물
2631,딸기파이
2632,소갈비찜
2633,꼬들빼기김치
2634,(New)교촌윙
2635,닭가슴살냉채
2636,(New)꼬막비빔밥
2637,황태미역국
2638,매운감자조림
2639,고추장찌개
2640,경상도식소고기국
2641,청경채만다린생채
2642,작은밥
2643,도토리묵냉국
2644,볶음밥&짜장소스
2645,계란버섯장조림
2646,(New)수제오미산적
2647,고사리들깨나물
2648,오렌지주스
2649,찰떡떡갈비조림
2650,버섯구이*발사믹D
2651,미역미소시루
2652,햄맛살볶음
2653,꼬지어묵국
2654,매운콩나물국
2655,크레미계란말이
2656,마늘쫑메추리알장조림
2657,순두부백탕*양념장
2658,새우까스*칠리소스
2659,햄에그샌드
2660,양장피
2661,치즈계란찜
2662,호박잎쌈*양념
2663,삼겹살마늘볶음밥
2664,굴떡국
2665,오징어돈육볶음
2666,장각닭죽
2667,꽃빵튀김*연유
2668,조각티라미수
2669,김자반
2670,돈삼겹보쌈
2671,비엔나곤약조림
2672,치킨까스*데미소스
2673,청경채생채
2674,치커리사과유자청무침
2675,맑은조개탕
2676,갈치구이
2677,소고기매운무국
2678,꼬치어묵국
2679,어묵꽈리볶음
2680,제육춘장볶음
2681,버섯맑은국
2682,춘권
2683,단호박샌드
2684,세발나물
2685,사과고구마그라탱
2686,호박부추전
2687,롤케익
2688,사골떡국
2689,콩나물제육볶음
2690,미나리초무침
2691,계란파국
2692,콩나물냉채
2693,매실쥬스
2694,쇠고기당면볶음
2695,밀떡볶이
2696,버섯비엔나조림
2697,나가사키짬뽕국
2698,꿔바로우탕수육*소스
2699,생선까스*탈탈소스
2700,시금치된장국
2701,새송이죽
2702,탄두리치킨
2703,등갈비김치말이
2704,마늘쫑무침
2705,꼬치어묵탕
2706,멕시칸샐러드
2707,깨찰빵
2708,소고기국
2709,동태
2710,까르보나라떡볶이
2711,돈육보쌈
2712,모듬양채쌈
2713,(New)오징어순대
2714,붕어빵
2715,맛살겨자채
2716,게살모닝샌드위치
2717,미역오이냉국
2718,새우완자탕
2719,냉모밀국수
2720,돈육버섯고추장덮밥
2721,갈비통통만두
2722,당면채소무침
2723,수제무말랭이무침
2724,김치미나리전
2725,돈육두루치기
2726,토마토샐러드*발사믹드레싱
2727,쌈다시마초장
2728,구운계란
2729,녹차호떡
2730,치킨샌드
2731,쇠고기미역국
2732,청양된장찌개
2733,재첩국
2734,양상추샐러드*키위D
2735,단호박영양밥
2736,후라이드*강정소스
2737,순대야채볶음
2738,양장피잡채
2739,만둣국
2740,렌틸콩밥
2741,살살치킨&칠리소스
2742,삼색유자청무침
2743,"브로컬리,다시마*초장"
2744,고기짬뽕국
2745,스팸김치찌개
2746,햄에그치즈토스트
2747,간장마늘치킨
2748,쥐포무침
2749,사과
2750,찹쌀호떡
2751,매운돈갈비찜
2752,고등어자반찜
2753,팥밥
2754,양배추샐러드&사우전D
2755,미트볼떡조림
2756,모듬소세지
2757,녹두죽
2758,솎음열무나물
2759,두부젓국찌개
2760,순살닭강정
2761,돈육피망볶음
2762,콩나물해장국
2763,야채부케*쌈장
2764,뼈감자탕
2765,홍시
2766,닭양념조림
2767,알탕
2768,곤드레밥
2769,우무묵냉국
2770,비엔나채소볶음
2771,취나물무침
2772,충무김밥
2773,두부맛전
2774,고구마튀김
2775,맑은버섯국
2776,(New)오리훈제샌드위치
2777,짜사이채무침
2778,바나나베이비샐러드
2779,그린샐러드*오리엔탈D
2780,청포도
2781,호박새우젓볶음
2782,해물파전
2783,비엔나떡조림
2784,김구이*양념장
2785,꼬지삼색전
2786,(New)해물보쌈&채소숙회
2787,계란국
2788,고구마순나물
2789,망고드레싱샐러드
2790,쌈배추
2791,풋고추튀김
2792,브로컬리초회
2793,쌈만두
2794,해물부추전
2795,양배추쌈*쌈장
2796,사과파이
2797,청경채사과무침
2798,참나물땅콩가루무침
2799,무피클
2800,해물볶음우동
2801,호박된장찌개
2802,물미역초장
2803,고기완자전
2804,시래기들깨탕
2805,유자청제육볶음
2806,스틱치즈케익
2807,미나리나물
2808,닭윙강정튀김
2809,오복지무침
2810,제육김치덮밥
2811,갈치조림
2812,호박나물
2813,호박잎*양배추쌈
2814,얼큰소고기국
2815,참나물겉절이
2816,돌나물유자청무침
2817,다시마쌈
2818,상추쌈
2819,돼지고추장불고기
2820,모둠장조림
2821,감자찌개
2822,브로컬리크림스프
2823,돼지간장불고기
2824,양배추피클
2825,(NEW)까르보나라떡볶이
2826,매운계란파국
2827,유부채소겨자무침
2828,건도토리묵파프리카볶음
2829,수제고기육전
2830,부추무침
2831,해물까스*칠리소스
2832,두부구이*양념
2833,노각생채
2834,도라지나물
2835,오미자주스
2836,쇠고기무국
2837,북어콩나물국
2838,해물누룽지탕
2839,매운오징어국
2840,고기완자전&케찹
2841,감자범벅
2842,샐러드바:과일
2843,참나물두부샐러드
2844,콩나물겨자채무침
2845,채소스틱
2846,매운돼지갈비찜
2847,무초절이
2848,"치커리유자샐러드,알로에주스"
2849,군만두*장
2850,하루야채주스
2851,고구마순들깨볶음
2852,고추지무침
2853,참치야채
2854,순대찜*소금
2855,구운채소
2856,브로콜리감자볶음
2857,옥수수스프
2858,떡국
2859,닭겨자냉채
2860,사과잼쿠키
2861,춘권튀김*칠리드레질
2862,오꼬노미야끼
2863,돈육매콤조림
2864,냉메밀소바
2865,참외
2866,청경채무침
2867,무우짱아찌
2868,치커리무침
2869,돈육꽈리고추볶음
2870,시금치샐러드
2871,새우살죽>
2872,찐계란
2873,비트피클
2874,생선까스&타르타르소스
2875,맑은콩나물국
2876,비트채소절임
2877,청경채겉절이
2878,꿀호떡
2879,톳두부무침
2880,머핀
2881,영양닭죽
2882,얼갈이된장무침
2883,오징어숙회무침
2884,해물누룽지
2885,배추겉절이
2886,청양멸치주먹밥
2887,매운버섯국
2888,양상추샐러드*파인애플D
2889,생야채&쌈장
2890,맑은국
2891,쇠고기볶음
2892,모둠과일
2893,꽁치구이
2894,시리얼&요거트
2895,크로와상샌드위치
2896,버섯들깨국
2897,어묵토마토조림
2898,호박잎
2899,케이준샐러드
2900,양상추샐러드*살구D
2901,소고기잡채
2902,골뱅이무침
2903,견과류조림
2904,치즈팡샌드
2905,실곤약무침
2906,배추된장국
2907,꽃게된장찌개
2908,연두부*참깨드레싱소스
2909,얼갈이열무겉절이
2910,불고기브리또
2911,토마토샐러드*발사믹D
2912,토마토프리타타
2913,부추오리엔탈무침
2914,햄야채샌드
2915,브라우니
2916,황태채마늘쫑무침
2917,토마토계란볶음
2918,가자미유린기
2919,도토리묵무침
2920,묵은지닭볶음탕
2921,계란빵
2922,쑥갓무침
2923,해물순두부국
2924,근대된장국
2925,미니핫도그
2926,더덕오이생채
2927,맑은감자국
2928,대구매운탕
2929,김구이*달래간장
2930,오이달래무침
2931,우묵냉국
2932,옥수수볼맛탕
2933,김치황태국
2934,시금치무침
2935,닭다리바베큐오븐구이
2936,묵은지닭찜
2937,두부새우젓국
2938,연근호두조림
2939,청포묵무침
2940,팽이무국
2941,견과류마카로니범벅
2942,건포도머핀
2943,모듬버섯볶음
2944,스팸볶음밥
2945,쇠고기우엉볶음
2946,꽁치김치말이찜
2947,계란채소볶음밥
2948,명태엿장조림
2949,아삭이고추된장무침
2950,마늘간장치킨
2951,카야잼샌드
2952,미니김밥*겨자장
2953,열무된장나물
2954,고르곤졸라
2955,부럼
2956,떡잡채
2957,백종원의
2958,절편
2959,고구마죽
2960,카스텔라
2961,석박지
2962,햄치즈샌드
2963,꼬지어묵탕
2964,고구마치즈구이
2965,나쵸콥샐러드*토마토살사소스
2966,단호박죽
